# trisquel golden manifest -- auto-generated; checksum keeps header and body coherent.
# Do not edit by hand: it is rewritten on every build and re-checksummed.
# package:      linux-meta-hwe-6.17
# blessed-by:   ark@switnet.org
# blessed-at:   2026-08-22T19:04:21+00:00
# upstream:     noble (24.04)  helper-version: 8
# upstream-version: 6.17.0-42.42
# authorized:  yes
# body-sha256-checksum:  8710841d2ab3d6868299b2c5901508b606aa344ffe428ddcaa35d08ef3b07353
--- manifest ---
26	27	debian/control
9	9	debian/control.d/generic
6	7	debian/control.d/generic-64k
0	1	debian/rules
