# trisquel golden manifest — auto-generated; checksum keeps header and body coherent.
# Do not edit by hand: it is rewritten on every build and re-checksummed.
# package:      distro-info-data
# blessed-by:   ark@switnet.org
# blessed-at:   2026-08-03T02:07:00-06:00
# upstream:     noble (24.04)  helper-version: 8
# upstream-version: 0.72-0ubuntu0.24.04.1
# authorized:  yes
# body-sha256-checksum:  8c86637ac97ac3b2d1b0981c273c0299f5afcc6aeb4aa65ac57b1798f217e1a1
--- manifest ---
3	3	debian/README.Debian
0	1	debian/control
16	0	trisquel.csv
10	0	validate-csv-data
